{
    "code": 20000, 
    "msg": "查询成功", 
    "datas": {
        "backObject": null,
        "message": null,
        "object": [
            {
                "PRICE": "0.00",
                "SURPLUS": 235,
                "SERVICEID": "142",
                "ID": 17548,
                "REMARK": "梦二厅",
                "TIME_NO": "18:31-23:30",
                "STATUS": 1,
                "ISOVER": 1
            }
        ],
        "reason": null,
        "result": "1"
    }
}